Temporada,Rank,Equip,Nacionalitat,Jugador,Gols,PJ,Gpp,Asist,App,Pen,Pen %,FD,FD %,Az,Azpp,Rj,Rjpp
20/21,1,REU,ES,"RODRIGUEZ DALMAU, ALEX",37,23,1.61,5,0.22,7/11,63.64,0/2,0.00,5,0.22,,
20/21,2,LIC,ES,"ADROHER MAS, JORDI",33,23,1.43,5,0.22,3/5,60.00,17/41,41.46,3,0.13,,
20/21,3,BAR,PT,"RODRIGUES BRAZÃO, JOÃO MIGUEL ",33,24,1.38,6,0.25,5/8,62.50,1/4,25.00,,,,
20/21,4,BAR,ES,"ALVAREZ VERA, PABLO  FEDERICO",31,23,1.35,14,0.61,1/1,100.00,1/9,11.11,3,0.13,,
20/21,5,BAR,PT,"NUNES PEREIRA, HELDER",30,25,1.20,17,0.68,5/8,62.50,2/4,50.00,2,0.08,,
20/21,6,CAL,ES,"MITJANS COLS, ELOI",29,25,1.16,2,0.08,6/11,54.55,5/15,33.33,,,,
20/21,7,NOI,ES,"COSTA FERRE, XAVIER",29,22,1.32,1,0.05,10/17,58.82,,,6,0.27,,
20/21,8,GIR,ES,"GELMÀ PAZ, DAVID",27,24,1.13,4,0.17,6/13,46.15,0/5,0.00,6,0.25,,
20/21,9,LLO,ES,"GONZALEZ ROVIROSA, MARC",27,23,1.17,3,0.13,,,11/21,52.38,4,0.17,,
20/21,10,REU,ES,"MARIN MARTIN, RAUL",26,19,1.37,5,0.26,4/8,50.00,6/16,37.50,7,0.37,,
20/21,11,REU,ES,"JULIÀ SOLER, MARC",24,24,1.00,4,0.17,,,8/23,34.78,2,0.08,,
20/21,12,VOL,ES,"TEIXIDO ABAT, GERARD",24,24,1.00,11,0.46,2/6,33.33,9/21,42.86,5,0.21,,
20/21,13,TAR,ES,"RODRIGUEZ DALMAU, DANIEL",21,24,0.88,4,0.17,2/4,50.00,13/24,54.17,2,0.08,,
20/21,14,BAR,ES,"BARGALLÓ  POCH , PAU",21,23,0.91,21,0.91,0/1,0.00,7/16,43.75,4,0.17,,
20/21,15,PAL,ES,"CANET VILA, SERGI",20,23,0.87,1,0.04,1/3,33.33,,,3,0.13,,
20/21,16,VOL,ES,"CANAL TRUY, ARNAU",20,25,0.80,4,0.16,4/6,66.67,0/1,0.00,3,0.12,,
20/21,17,LLE,ES,"VIVES CLOS, ORIOL",19,24,0.79,2,0.08,4/6,66.67,1/6,16.67,2,0.08,,
20/21,18,CAD,ES,"ROSA CAPELLA, FERRAN ",18,19,0.95,4,0.21,0/1,0.00,7/17,41.18,4,0.21,,
20/21,19,LLO,DE,"THIEL, MAX",17,23,0.74,3,0.13,2/6,33.33,0/6,0.00,3,0.13,,
20/21,20,PAL,ES,"FIGA RENJIFO, MARC",17,21,0.81,1,0.05,5/11,45.45,1/4,25.00,,,,
20/21,21,LLE,ES,"TOMÀS TOHÀ, ANDREU",17,24,0.71,2,0.08,5/11,45.45,4/10,40.00,3,0.13,,
20/21,22,TAR,ES,"CRESPO OLIVA, VICTOR",17,23,0.74,,,4/6,66.67,1/10,10.00,5,0.22,,
20/21,23,CAD,ES,"MIRAS VALERO, SERGIO",16,23,0.70,2,0.09,6/12,50.00,0/1,0.00,3,0.13,,
20/21,24,CAD,ES,"GIMENEZ ADMIRABLE, ALVARO BORJA",16,22,0.73,6,0.27,,,0/3,0.00,5,0.23,,
20/21,25,NOI,ES,"MANRUBIA PERO, POL",16,23,0.70,10,0.43,,,7/17,41.18,2,0.09,,
20/21,26,CAD,ES,"RODRÍGUEZ MARIMÓN, CRISTIAN",15,23,0.65,2,0.09,0/1,0.00,2/5,40.00,4,0.17,,
20/21,27,LLE,ES,"SELVA CRISTIA, JOSEP MARIA",15,23,0.65,4,0.17,1/2,50.00,4/13,30.77,4,0.17,,
20/21,28,LIC,ES,"TORRES PASTORIZA, DAVID",14,21,0.67,3,0.14,1/6,16.67,0/2,0.00,2,0.10,,
20/21,29,GIR,ES,"PUJOL QUINTANA, GERARD",14,20,0.70,,,,,3/14,21.43,4,0.20,,
20/21,30,VEN,ES,"ESCALA LOPEZ, JOAN SALVADOR",14,21,0.67,3,0.14,5/7,71.43,1/3,33.33,4,0.19,,
20/21,31,LIC,AR,"PLATERO FIGUEROA, FRANCO EMANUEL",14,23,0.61,6,0.26,0/2,0.00,1/1,100.00,1,0.04,,
20/21,32,BAR,ES,"PASCUAL, MATÍAS JOSÉ",14,23,0.61,6,0.26,,,,,3,0.13,,
20/21,33,IGU,ES,"YESTE BIOSCA , BERNAT",13,21,0.62,,,,,1/3,33.33,,,,
20/21,34,VOL,ES,"VARGAS NAVAS, ERIC",13,24,0.54,6,0.25,,,0/2,0.00,3,0.13,,
20/21,35,LLO,ES,"FARRE CASTELLS, ADRIA",12,23,0.52,4,0.17,,,0/1,0.00,4,0.17,,
20/21,36,LIC,FR,"DI BENEDETTO, ROBERTO",12,20,0.60,8,0.40,,,,,3,0.15,,
20/21,37,NOI,ES,"PUJADAS COLOMER, ROC",12,23,0.52,2,0.09,,,6/19,31.58,3,0.13,,
20/21,38,CAL,ES,"TORNÉ PIÑOL, SERGI",12,24,0.50,7,0.29,,,0/5,0.00,5,0.21,,
20/21,39,IGU,ES,"BARS CATALÀ, ROGER",12,21,0.57,,,5/8,62.50,1/7,14.29,1,0.05,,
20/21,40,CAD,ES,"RICART BENAVENT, LLUIS",11,23,0.48,6,0.26,0/1,0.00,,,1,0.04,,
20/21,41,REU,ES,"DEL RIO LAGE, PABLO",11,19,0.58,,,,,4/13,30.77,4,0.21,,
20/21,42,LIC,ES,"GRAU TALLADA, MARC",11,23,0.48,6,0.26,,,,,1,0.04,,
20/21,43,LLE,FR,"DI BENEDETTO, BRUNO",11,23,0.48,1,0.04,,,0/2,0.00,4,0.17,,
20/21,44,REU,ES,"SALVAT CARBÓ, JOAN",11,21,0.52,,,,,,,2,0.10,,
20/21,45,VOL,ES,"PALAZON MANCHA, MARC",11,24,0.46,,,0/1,0.00,,,4,0.17,,
20/21,46,CAD,ES,"ROVIRA GAYARRE, XAVIER",11,22,0.50,7,0.32,,,3/15,20.00,1,0.05,,
20/21,47,VEN,ES,"FERRER SANTACANA, LLUIS",11,22,0.50,1,0.05,1/3,33.33,1/7,14.29,,,,
20/21,48,LIC,ES,"CARBALLEIRA DOMÍNGUEZ , CÉSAR",11,23,0.48,,,1/1,100.00,,,2,0.09,,
20/21,49,LIC,ES,"ORUSTE SALVA, MAXIMILIANO",11,23,0.48,2,0.09,,,0/1,0.00,2,0.09,,
20/21,50,NOI,ES,"ESTELLER PLA, ALEIX",11,23,0.48,2,0.09,,,,,2,0.09,,
20/21,51,VIC,ES,"SÁNCHEZ SÁLES, CARLES",10,23,0.43,2,0.09,1/4,25.00,3/9,33.33,3,0.13,,
20/21,52,PAL,IT,"CESCHIN PONTORIERO, FRANCO TOMAS",10,22,0.45,1,0.05,,,3/15,20.00,4,0.18,,
20/21,53,PAL,ES,"ALDRICH RODRIGUEZ, XAVIER",10,22,0.45,6,0.27,1/5,20.00,,,1,0.05,,
20/21,54,BAR,ES,"ALABART GONZALEZ, IGNACIO",10,23,0.43,6,0.26,,,1/2,50.00,1,0.04,,
20/21,55,CAL,ES,"XAUS MOLINARI, ARNAU",10,25,0.40,3,0.12,,,1/5,20.00,2,0.08,,
20/21,56,VEN,ES,"FERNANDEZ AVILA CASTILLO, FRANCISCO",9,21,0.43,3,0.14,,,1/2,50.00,5,0.24,,
20/21,57,PAL,ES,"RAMON CONTRERAS, BORJA",9,23,0.39,2,0.09,,,5/17,29.41,,,,
20/21,58,MAT,ES,"CANTERO FERNANDEZ, ALEX",9,23,0.39,1,0.04,1/3,33.33,0/2,0.00,8,0.35,,
20/21,59,VIC,ES,"GOMEZ GILBERTE, TIRSO",9,11,0.82,1,0.09,3/5,60.00,1/3,33.33,3,0.27,,
20/21,60,IGU,ES,"VIVES BOERSMA, CESAR",9,20,0.45,,,1/3,33.33,0/2,0.00,6,0.30,,
20/21,61,VEN,ES,"CRESPO OLIVA, XAVIER",9,21,0.43,5,0.24,,,0/2,0.00,5,0.24,,
20/21,62,GIR,ES,"GURRI PUNSOLA, XAVIER",8,25,0.32,2,0.08,,,0/3,0.00,,,,
20/21,63,LLE,ES,"CAÑELLAS MARTIN, JOAN",8,24,0.33,1,0.04,,,,,,,,
20/21,64,NOI,ES,"FERRER MIRO, JORDI",8,23,0.35,3,0.13,,,2/8,25.00,2,0.09,,
20/21,65,GIR,ES,"GRAU TALLADA, ALEX",8,23,0.35,1,0.04,,,,,5,0.22,,
20/21,66,MAT,ES,"LLADO PEREZ, ORIOL",8,25,0.32,2,0.08,2/4,50.00,,,,,,
20/21,67,NOI,ES,"BALLART LUJAN, ADRIÀ",8,23,0.35,3,0.13,1/2,50.00,1/6,16.67,3,0.13,,
20/21,68,IGU,ES,"BALIU PIQUE, ANTONI",7,20,0.35,6,0.30,0/1,0.00,0/2,0.00,5,0.25,,
20/21,69,BAR,ES,"LLORCA FENES, SERGI",7,14,0.50,2,0.14,,,,,1,0.07,,
20/21,70,TAR,ES,"SOLER COLLELL, MARC",7,24,0.29,,,,,,,2,0.08,,
20/21,71,IGU,ES,"PALAU MIR, MARC",7,22,0.32,1,0.05,,,,,,,,
20/21,72,LLO,ES,"AGUIRRE VELA, MOISES",7,22,0.32,5,0.23,3/5,60.00,,,7,0.32,,
20/21,73,VOL,ES,"MOLAS SERRA , ALEIX",7,24,0.29,1,0.04,1/2,50.00,0/1,0.00,6,0.25,,
20/21,74,CAL,IT,"PELLIZZARI OLIVA, GUIDO ELIAN",7,24,0.29,1,0.04,,,,,4,0.17,,
20/21,75,BAR,ES,"GABARRÓ FEIXAS, MARTÍ",7,14,0.50,2,0.14,,,4/10,40.00,2,0.14,,
20/21,76,VIC,ES,"MOLAS TERRADELLAS, JAUME",7,22,0.32,,,,,,,4,0.18,,
20/21,77,VEN,ES,"LLISA VIGATÀ, ROC",7,21,0.33,5,0.24,,,0/2,0.00,2,0.10,,
20/21,78,VEN,ES,"NECCHI GARCIA, EMANUEL",6,21,0.29,2,0.10,,,1/5,20.00,2,0.10,,
20/21,79,MAT,ES,"FLORENZA EDO, ERIC",6,25,0.24,1,0.04,,,1/4,25.00,1,0.04,,
20/21,80,MAT,ES,"OLLÉ MASQUEF, MARC",6,24,0.25,2,0.08,,,0/1,0.00,2,0.08,,
20/21,81,REU,CL,"CASTRO VIDELA, FELIPE ALEJANDRO",6,20,0.30,1,0.05,,,,,3,0.15,,
20/21,82,BAR,ES,"PANADERO ARBAT, SERGI",6,23,0.26,4,0.17,,,,,1,0.04,,
20/21,83,CAD,ES,"BLANQUE CLARAMONTE, MARCOS",6,22,0.27,,,0/1,0.00,3/9,33.33,3,0.14,,
20/21,84,BAR,ES,"ROCA SUBIRANA, NIL",6,21,0.29,7,0.33,,,,,5,0.24,,
20/21,85,VIC,ES,"RAMÍREZ SABORIT, ORIOL",6,22,0.27,1,0.05,0/2,0.00,0/1,0.00,4,0.18,,
20/21,86,PAL,ES,"ABEAL INCHAURRONDO, MIKEL",6,22,0.27,2,0.09,,,,,3,0.14,,
20/21,87,MAT,ES,"GUAL PRATS, ERIK",6,25,0.24,,,,,2/8,25.00,2,0.08,,
20/21,88,CAD,ES,"ACSENSI VALIENTE, ROGER",6,22,0.27,2,0.09,0/1,0.00,,,5,0.23,,
20/21,89,REU,ES,"NAJERA BAILON, PABLO MIGUEL",5,22,0.23,4,0.18,,,,,,,,
20/21,90,TAR,ES,"BENITO MONTERO, ALBERT",5,22,0.23,1,0.05,,,0/1,0.00,4,0.18,,
20/21,91,VIC,FR,"LE BERRE, ANTOINE",5,23,0.22,1,0.04,0/2,0.00,1/3,33.33,3,0.13,,
20/21,92,MAT,ES,"CUSACHS BRUGAROLA, GERARD",5,24,0.21,2,0.08,2/2,100.00,0/4,0.00,3,0.13,,
20/21,93,IGU,ES,"RIBA OVEJERO, GERARD",5,21,0.24,,,,,1/3,33.33,2,0.10,,
20/21,94,TAR,ES,"MOLERA SURIÑACH, JACINT",5,16,0.31,,,,,0/2,0.00,3,0.19,1,0.06
20/21,95,VIC,ES,"FONT SÁNCHEZ, ARNAU",5,23,0.22,,,,,,,2,0.09,,
20/21,96,GIR,AO,"MENDES, HUMBERTO DA SILVA",5,22,0.23,4,0.18,,,0/1,0.00,10,0.45,,
20/21,97,REU,ES,"BANCELLS CHAVALES, ROMÀ",5,24,0.21,2,0.08,,,,,2,0.08,,
20/21,98,VOL,ES,"ROVIRA BAGARIA, GERARD",5,24,0.21,,,,,0/1,0.00,1,0.04,,
20/21,99,REU,ES,"GIMENEZ MONTORO, FERRAN",4,18,0.22,1,0.06,,,,,,,,
20/21,100,IGU,ES,"PLA PALAU, SERGI",4,22,0.18,2,0.09,,,1/9,11.11,2,0.09,,
20/21,101,LLO,ES,"PLAZA BALAGUE, DAVID",4,14,0.29,1,0.07,,,,,3,0.21,,
20/21,102,LLE,ES,"FOLGUERA CASTELLS, SERGI",4,24,0.17,,,,,1/5,20.00,2,0.08,,
20/21,103,LLE,ES,"JOSEPH DE RUEDA, ALEX",4,25,0.16,,,,,0/1,0.00,2,0.08,,
20/21,104,GIR,ES,"PALACIN PARDO, PAU",4,24,0.17,4,0.17,,,,,3,0.13,,
20/21,105,LLO,ES,"GOMEZ COTANO, MARC",3,19,0.16,3,0.16,,,,,1,0.05,,
20/21,106,CAL,ES,"PALAU PASCUAL, ORIOL",3,19,0.16,,,,,,,1,0.05,,
20/21,107,TAR,ES,"CASADEVALL ARNAUS, MARÇAL",3,24,0.13,1,0.04,,,,,1,0.04,,
20/21,108,MAT,ES,"ROMERO BERNABEU, BERNAT",3,18,0.17,1,0.06,,,3/6,50.00,,,,
20/21,109,LIC,IT,"CIOCALE, MARTÍN FABRIZIO",2,11,0.18,,,,,,,,,,
20/21,110,IGU,ES,"MARIMON BERGÉ, ALEIX",2,21,0.10,,,,,,,,,,
20/21,111,VOL,ES,"SERRA ANGUITA, HUMBERT",2,24,0.08,2,0.08,,,,,1,0.04,,
20/21,112,TAR,ES,"SOLER COLLELL, XAVIER",2,20,0.10,,,,,,,,,,
20/21,113,VEN,AD,"MIQUEL SOLÉ, GERARD",2,19,0.11,2,0.11,,,,,,,,
20/21,114,CAD,ES,"ACSENSI VALIENTE, ALEXANDRE",2,23,0.09,1,0.04,,,,,1,0.04,,
20/21,115,LIC,ES,"PARGA FERNANDEZ, PABLO",1,3,0.33,,,,,,,,,,
20/21,116,GIR,ES,"LAGUNA LOPEZ, HUGO",1,17,0.06,,,,,0/1,0.00,1,0.06,,
20/21,117,TAR,ES,"GENÍS POU, EDUARD",1,19,0.05,1,0.05,,,,,2,0.11,,
20/21,118,VOL,ES,"FONT SERRA, ROGER",1,23,0.04,2,0.09,,,,,4,0.17,,
20/21,119,PAL,ES,"LUZON RAVENTOS, MARCEL",1,23,0.04,,,,,,,1,0.04,,
20/21,120,MAT,ES,"CARBONELL PASCUAL, GUILLEM",1,16,0.06,,,,,,,,,,
20/21,121,REU,CL,"ROJAS RAMIREZ, DIEGO",1,7,0.14,,,,,,,,,,
20/21,122,MAT,ES,"XICOTA HERNANDEZ, CONRAD",1,20,0.05,,,,,,,,,,
20/21,123,VIC,ES,"OLLER SANS, JASSEL",1,4,0.25,,,0/1,0.00,1/1,100.00,1,0.25,,
20/21,124,PAL,ES,"QUEROL DE PABLO, ALBERT",1,11,0.09,,,,,,,,,,
20/21,125,VIC,ES,"MONTERO DE FRANCISCO, DAVID",1,16,0.06,,,,,0/1,0.00,1,0.06,,
20/21,126,PAL,ES,"GELMA PAZ, JOAN",1,10,0.10,1,0.10,,,,,2,0.20,,
20/21,127,LIC,ES,"LÓPEZ MARTÍNEZ, DANIEL",1,3,0.33,,,,,,,,,,
20/21,128,CAL,ES,"ROMEU COSTA, SERGI",1,19,0.05,1,0.05,0/1,0.00,,,2,0.11,,
19/20,1,FCB,ES,"ALVAREZ VERA, PABLO  FEDERICO",38,25,1.52,8,0.32,1/1,100.00,5/10,50.00,,,,
19/20,2,LIC,ES,"GRAU TALLADA, MARC",34,24,1.42,3,0.13,0/1,0.00,3/8,37.50,4,0.17,,
19/20,3,REU,ES,"RODRIGUEZ DALMAU, ALEX",32,24,1.33,2,0.08,12/22,54.55,1/7,14.29,4,0.17,,
19/20,4,FCB,ES,"BARGALLÓ  POCH , PAU",32,24,1.33,26,1.08,,,2/7,28.57,1,0.04,,
19/20,5,FCB,PT,"RODRIGUES BRAZÃO, JOÃO MIGUEL ",32,25,1.28,9,0.36,3/6,50.00,0/3,0.00,,,,
19/20,6,IGU,ES,"MENDEZ ORTIZ, JORDI",31,25,1.24,1,0.04,1/2,50.00,0/3,0.00,2,0.08,,
19/20,7,LIC,ES,"TORRES PASTORIZA, DAVID",26,24,1.08,13,0.54,3/8,37.50,1/5,20.00,5,0.21,,
19/20,8,REU,ES,"JULIÀ SOLER, MARC",21,24,0.88,4,0.17,,,9/22,40.91,5,0.21,,
19/20,9,FCB,ES,"ALABART GONZALEZ, IGNACIO",19,25,0.76,15,0.60,,,2/3,66.67,,,,
19/20,10,PAL,ES,"GARCIA MUÑOZ, FERRAN",19,24,0.79,1,0.04,,,13/31,41.94,3,0.13,,
19/20,11,NOI,ES,"COSTA FERRE, XAVIER",19,21,0.90,1,0.05,8/15,53.33,,,4,0.19,1,0.05
19/20,12,CAL,ES,"RODRÍGUEZ MARIMÓN, CRISTIAN",18,25,0.72,2,0.08,1/4,25.00,2/5,40.00,3,0.12,,
19/20,13,TAR,ES,"RODRIGUEZ DALMAU, DANIEL",18,24,0.75,1,0.04,4/7,57.14,4/15,26.67,4,0.17,,
19/20,14,NOI,ES,"ARAGONES FERRERES , SERGI",18,25,0.72,5,0.20,2/6,33.33,1/2,50.00,2,0.08,,
19/20,15,FCB,PT,"NUNES PEREIRA, HELDER",17,25,0.68,17,0.68,2/2,100.00,0/3,0.00,2,0.08,,
19/20,16,IGU,ES,"PLA PALAU, SERGI",17,25,0.68,6,0.24,0/1,0.00,4/8,50.00,2,0.08,,
19/20,17,CAL,ES,"ROVIRA GAYARRE, XAVIER",17,25,0.68,7,0.28,1/2,50.00,3/6,50.00,2,0.08,,
19/20,18,CAL,ES,"XAUS MOLINARI, ARNAU",16,24,0.67,1,0.04,,,7/12,58.33,4,0.17,,
19/20,19,GIR,ES,"PUJOL QUINTANA, GERARD",16,24,0.67,1,0.04,1/3,33.33,5/10,50.00,3,0.13,,
19/20,20,IGU,ES,"BALIU PIQUE, ANTONI",16,24,0.67,7,0.29,,,0/2,0.00,5,0.21,,
19/20,21,LIC,FR,"DI BENEDETTO, ROBERTO",16,24,0.67,6,0.25,1/1,100.00,2/8,25.00,4,0.17,,
19/20,22,CAL,ES,"BLANQUE CLARAMONTE, MARCOS",16,24,0.67,5,0.21,0/1,0.00,3/14,21.43,,,,
19/20,23,CAL,ES,"TORNÉ PIÑOL, SERGI",16,23,0.70,8,0.35,0/1,0.00,3/5,60.00,5,0.22,,
19/20,24,NOI,ES,"FERRER MIRO, JORDI",15,25,0.60,6,0.24,,,1/7,14.29,,,,
19/20,25,LLE,ES,"JOSEPH DE RUEDA, ALEX",15,25,0.60,,,,,,,,,,
19/20,26,LIC,ES,"ORUSTE SALVA, MAXIMILIANO",15,24,0.63,6,0.25,0/1,0.00,3/12,25.00,4,0.17,,
19/20,27,NOI,ES,"ESTELLER PLA, ALEIX",14,25,0.56,4,0.16,,,,,1,0.04,,
19/20,28,LLO,ES,"PLAZA BALAGUE, DAVID",14,24,0.58,9,0.38,0/3,0.00,2/2,100.00,2,0.08,,
19/20,29,VIC,FR,"LE BERRE, ANTOINE",13,25,0.52,,,1/2,50.00,1/8,12.50,,,,
19/20,30,LLE,ES,"TOMÀS TOHÀ, ANDREU",13,25,0.52,2,0.08,3/8,37.50,3/9,33.33,1,0.04,,
19/20,31,REU,ES,"SALVAT CARBÓ, JOAN",12,25,0.48,,,0/1,0.00,,,1,0.04,,
19/20,32,NOI,ES,"LLORCA FENES, SERGI",12,25,0.48,1,0.04,1/5,20.00,3/13,23.08,,,,
19/20,33,LLE,ES,"VIVES CLOS, ORIOL",12,17,0.71,,,0/1,0.00,0/4,0.00,2,0.12,,
19/20,34,VIC,ES,"FONT SERRA, ROGER",11,24,0.46,,,,,0/1,0.00,4,0.17,,
19/20,35,NOI,ES,"MANRUBIA PERO, POL",11,25,0.44,5,0.20,,,4/11,36.36,1,0.04,,
19/20,36,PAL,ES,"FIGA RENJIFO, MARC",11,24,0.46,1,0.04,4/7,57.14,,,4,0.17,,
19/20,37,CAL,ES,"ROSA CAPELLA, FERRAN ",11,25,0.44,2,0.08,0/3,0.00,1/4,25.00,,,,
19/20,38,LIC,IT,"BRIDGE PERGOLIS, FACUNDO",11,25,0.44,2,0.08,,,,,1,0.04,,
19/20,39,CAL,ES,"GIMENEZ ADMIRABLE, ALVARO BORJA",10,24,0.42,2,0.08,0/1,0.00,0/2,0.00,6,0.25,,
19/20,40,CAL,IT,"PELLIZZARI OLIVA, GUIDO ELIAN",10,25,0.40,3,0.12,0/1,0.00,,,2,0.08,,
19/20,41,LLO,ES,"GRAU TALLADA, ALEX",10,23,0.43,,,,,0/1,0.00,10,0.43,1,0.04
19/20,42,VOL,ES,"CANAL TRUY, ARNAU",10,25,0.40,,,1/4,25.00,1/4,25.00,1,0.04,,
19/20,43,IGU,ES,"VIVES BOERSMA, CESAR",9,24,0.38,4,0.17,2/3,66.67,0/1,0.00,6,0.25,,
19/20,44,LLE,ES,"PALAZON MANCHA, MARC",9,25,0.36,2,0.08,,,0/1,0.00,2,0.08,,
19/20,45,CAL,ES,"ROMEU COSTA, SERGI",9,22,0.41,1,0.05,2/4,50.00,,,2,0.09,,
19/20,46,LIC,AR,"PLATERO FIGUEROA, FRANCO EMANUEL",9,25,0.36,4,0.16,3/6,50.00,,,,,,
19/20,47,TAR,ES,"CASADEVALL ARNAUS, MARÇAL",9,24,0.38,1,0.04,1/4,25.00,0/1,0.00,4,0.17,,
19/20,48,PAL,ES,"CANET VIILA, SERGI",9,25,0.36,,,1/1,100.00,,,2,0.08,,
19/20,49,IGU,ES,"BARS CATALÀ, ROGER",9,17,0.53,3,0.18,2/3,66.67,,,1,0.06,,
19/20,50,FCB,AR,"PASCUAL, MATÍAS JOSÉ",9,20,0.45,5,0.25,2/4,50.00,,,4,0.20,,
19/20,51,VOL,ES,"VARGAS NAVAS, ERIC",9,25,0.36,1,0.04,,,3/4,75.00,3,0.12,,
19/20,52,LLO,ES,"FARRE CASTELLS, ADRIA",9,25,0.36,1,0.04,,,,,2,0.08,,
19/20,53,VIC,ES,"SÁNCHEZ SÁLES, CARLES",8,24,0.33,5,0.21,,,0/7,0.00,4,0.17,,
19/20,54,GIR,ES,"GURRI PUNSOLA, XAVIER",8,25,0.32,1,0.04,,,0/3,0.00,1,0.04,,
19/20,55,CAL,ES,"RODRIGUEZ ROJAS, ANGEL",8,24,0.33,2,0.08,0/1,0.00,0/2,0.00,,,,
19/20,56,CAL,ES,"PALAU PASCUAL, ORIOL",8,25,0.32,,,0/1,0.00,,,1,0.04,,
19/20,57,GIR,AO,"MENDES, HUMBERTO DA SILVA",7,22,0.32,1,0.05,,,1/5,20.00,2,0.09,,
19/20,58,LIC,IT,"CIOCALE, FABRICIO MARTIN",7,25,0.28,4,0.16,,,2/5,40.00,2,0.08,,
19/20,59,FCB,ES,"ROCA SUBIRANA, NIL",7,21,0.33,6,0.29,,,,,4,0.19,,
19/20,60,VOL,ES,"MOLAS SERRA , ALEIX",7,24,0.29,1,0.04,1/1,100.00,,,4,0.17,1,0.04
19/20,61,REU,ES,"CARBALLEIRA DOMÍNGUEZ , CÉSAR",7,16,0.44,3,0.19,1/2,50.00,1/1,100.00,2,0.13,,
19/20,62,VOL,ES,"BALLART LUJAN, ADRIÀ",7,20,0.35,1,0.05,,,1/5,20.00,3,0.15,,
19/20,63,GIR,ES,"MANGAS COLL, ANIOL",7,25,0.28,1,0.04,,,,,,,,
19/20,64,REU,ES,"DEL RIO LAGE, PABLO",7,25,0.28,,,,,,,,,,
19/20,65,IGU,ES,"PALAU MIR, MARC",6,25,0.24,2,0.08,,,,,3,0.12,,
19/20,66,CAL,ES,"ACSENSI VALIENTE, ROGER",6,25,0.24,1,0.04,0/1,0.00,,,3,0.12,,
19/20,67,LLO,ES,"GOMEZ COTANO, MARC",6,25,0.24,2,0.08,0/2,0.00,1/7,14.29,2,0.08,,
19/20,68,LIC,FR,"DI BENEDETTO, BRUNO",6,23,0.26,6,0.26,,,,,2,0.09,,
19/20,69,PAL,ES,"RAMON CONTRERAS, BORJA",5,25,0.20,4,0.16,,,0/4,0.00,,,,
19/20,70,CAL,ES,"ACSENSI VALIENTE, ALEXANDRE",5,25,0.20,1,0.04,,,,,,,,
19/20,71,LLE,ES,"CAÑELLAS MARTIN, JOAN",5,24,0.21,,,,,,,4,0.17,,
19/20,72,VOL,ES,"ORDEIG MALAGÓN, JOSEP MARIA",5,23,0.22,1,0.04,0/1,0.00,,,3,0.13,,
19/20,73,TAR,ES,"SOLER COLLELL, XAVIER",5,25,0.20,,,,,,,1,0.04,,
19/20,74,VOL,ES,"GALLIFA ANFRUNS, POL",5,24,0.21,,,3/4,75.00,1/4,25.00,1,0.04,,
19/20,75,GIR,ES,"PALACIN PARDO, PAU",5,25,0.20,,,,,,,1,0.04,,
19/20,76,VIC,ES,"OLLER SANS, JASSEL",5,21,0.24,,,1/6,16.67,,,4,0.19,,
19/20,77,TAR,ES,"SOLER COLLELL, MARC",4,22,0.18,1,0.05,,,,,7,0.32,,
19/20,78,TAR,ES,"GENÍS POU, EDUARD",4,25,0.16,2,0.08,0/1,0.00,,,,,,
19/20,79,VIC,ES,"MOLAS TERRADELLAS, JAUME",4,25,0.16,2,0.08,,,0/2,0.00,,,,
19/20,80,GIR,ES,"HERNANDEZ SAEZ, JOSEP",4,23,0.17,1,0.04,0/1,0.00,,,1,0.04,1,0.04
19/20,81,FCB,ES,"PANADERO ARBAT, SERGI",4,25,0.16,11,0.44,,,,,2,0.08,,
19/20,82,CAL,ES,"RICART BENAVENT, LLUIS",4,25,0.16,1,0.04,0/1,0.00,,,,,,
19/20,83,LLO,ES,"AGUIRRE VELA, MOISES",4,24,0.17,2,0.08,1/2,50.00,0/1,0.00,5,0.21,,
19/20,84,LLE,FR,"GEFFLOT, NATHAN",4,25,0.16,,,,,0/1,0.00,1,0.04,,
19/20,85,GIR,ES,"CARLES DOMENECH, DAVID",4,23,0.17,,,2/3,66.67,0/2,0.00,1,0.04,,
19/20,86,VIC,ES,"POVEDANO GUITART, MARC",3,15,0.20,,,,,1/3,33.33,1,0.07,,
19/20,87,GIR,ES,"GARCIA TORRES , ORIOL",3,25,0.12,1,0.04,,,,,1,0.04,,
19/20,88,TAR,ES,"MOLERA SURIÑACH, JACINT",3,25,0.12,,,,,0/2,0.00,2,0.08,,
19/20,89,PAL,ES,"VIVES CLOS, POL",3,16,0.19,,,,,,,3,0.19,,
19/20,90,LLE,AR,"GIULIANI, MAURO DARIO",3,12,0.25,1,0.08,,,0/4,0.00,,,,
19/20,91,TAR,ES,"BENITO MONTERO, ALBERT",3,25,0.12,1,0.04,,,0/1,0.00,1,0.04,,
19/20,92,LLO,ES,"GRAU TALLADA, LLUIS",3,24,0.13,1,0.04,,,1/1,100.00,5,0.21,,
19/20,93,IGU,ES,"YESTE BIOSCA , BERNAT",2,25,0.08,1,0.04,1/3,33.33,,,1,0.04,,
19/20,94,VOL,ES,"ARMENGOL SERRAT, JAVIER",2,25,0.08,2,0.08,1/2,50.00,,,2,0.08,,
19/20,95,VIC,ES,"MONTERO DE FRANCISCO, DAVID",2,8,0.25,,,,,,,,,,
19/20,96,VIC,ES,"URBANO ICART, JORDI",2,21,0.10,2,0.10,,,0/1,0.00,2,0.10,,
19/20,97,REU,ES,"NAJERA BAILON, PABLO MIGUEL",2,25,0.08,1,0.04,,,,,2,0.08,,
19/20,98,PAL,ES,"RUIZ CARMONA, RUBÉN",2,24,0.08,1,0.04,,,,,4,0.17,,
19/20,99,REU,ES,"BANCELLS CHAVALES, ROMÀ",2,22,0.09,5,0.23,,,,,1,0.05,,
19/20,100,CAL,ES,"MUNNE ALAMEDA, JORDI",1,4,0.25,,,,,,,,,,
19/20,101,IGU,ES,"MARIMON BERGÉ, ALEIX",1,22,0.05,,,,,,,,,,
19/20,102,PAL,ES,"ABEAL INCHAURRONDO, MIKEL",1,12,0.08,2,0.17,,,,,1,0.08,,
19/20,103,LIC,AR,"CASTRO ALBARRACÍN, ÁNGEL NAHUEL",1,2,0.50,,,,,,,,,,
19/20,104,REU,PT,"MIGUEL RAFAEL, TIAGO",1,23,0.04,2,0.09,,,,,1,0.04,,
19/20,105,TAR,ES,"MARTINEZ PIÑERO, DAVID",1,25,0.04,1,0.04,,,0/1,0.00,2,0.08,,
19/20,106,IGU,ES,"RIBA OVEJERO, GERARD",1,11,0.09,1,0.09,,,,,,,,
19/20,107,VIC,ES,"FONT SÁNCHEZ, ARNAU",1,21,0.05,,,,,,,,,,
19/20,108,LIC,ES,"AÑON SUAREZ , JAVIER",1,1,1.00,,,,,,,,,,
19/20,109,PAL,ES,"ALDRICH RODRIGUEZ, XAVIER",1,18,0.06,,,0/2,0.00,,,2,0.11,,
18/19,1,FCB,ES,"ALVAREZ VERA, PABLO  FEDERICO",48,28,1.71,5,0.18,1/1,100.00,8/15,53.33,,,,
18/19,2,LIC,FR,"DI BENEDETTO, CARLO",41,30,1.37,3,0.10,0/1,0.00,6/19,31.58,1,0.03,,
18/19,3,NOI,ES,"LLORCA FENES, SERGI",35,30,1.17,5,0.17,2/3,66.67,9/26,34.62,3,0.10,,
18/19,4,REU,ES,"JULIÀ SOLER, MARC",35,30,1.17,8,0.27,,,15/28,53.57,,,,
18/19,5,REU,ES,"RODRIGUEZ DALMAU, ALEX",34,29,1.17,5,0.17,3/6,50.00,2/8,25.00,5,0.17,,
18/19,6,LLE,FR,"DI BENEDETTO, ROBERTO",30,30,1.00,6,0.20,,,8/20,40.00,2,0.07,,
18/19,7,FCB,PT,"RODRIGUES BRAZÃO, JOÃO MIGUEL ",29,30,0.97,3,0.10,3/5,60.00,1/2,50.00,1,0.03,,
18/19,8,LLE,ES,"ORUSTE SALVA, MAXIMILIANO",27,30,0.90,3,0.10,1/1,100.00,4/20,20.00,2,0.07,,
18/19,9,ALC,ES,"PEREZ GONZALEZ, GONZALO",27,29,0.93,4,0.14,6/9,66.67,1/9,11.11,6,0.21,,
18/19,10,ALM,ES,"LLISA VIGATÀ, ROC",27,30,0.90,1,0.03,,,0/7,0.00,2,0.07,,
18/19,11,VIC,ES,"GOMEZ GILBERTE, TIRSO",26,28,0.93,4,0.14,2/8,25.00,7/18,38.89,6,0.21,,
18/19,12,IGU,ES,"PLA PALAU, SERGI",25,30,0.83,5,0.17,0/1,0.00,8/18,44.44,1,0.03,,
18/19,13,LIC,ES,"MIRAS VALERO, SERGIO",24,30,0.80,6,0.20,9/15,60.00,,,3,0.10,,
18/19,14,LIC,ES,"TORRES PASTORIZA, DAVID",24,29,0.83,7,0.24,0/1,0.00,1/4,25.00,5,0.17,,
18/19,15,IGU,ES,"MENDEZ ORTIZ, JORDI",22,30,0.73,2,0.07,,,1/2,50.00,,,,
18/19,16,ALC,ES,"LOPEZ GALA, MARCOS",21,24,0.88,3,0.13,3/6,50.00,2/6,33.33,7,0.29,,
18/19,17,GIR,ES,"PELICANO PLAZA, RAUL",21,26,0.81,1,0.04,5/9,55.56,5/11,45.45,3,0.12,,
18/19,18,VEN,ES,"FERRER MIRO, JORDI",21,30,0.70,1,0.03,,,4/21,19.05,3,0.10,,
18/19,19,REU,ES,"SALVAT CARBÓ, JOAN",21,29,0.72,2,0.07,1/3,33.33,,,,,,
18/19,20,NOI,ES,"COSTA FERRE, XAVIER",20,30,0.67,5,0.17,6/21,28.57,,,4,0.13,,
18/19,21,CUG,ES,"GILABERT BOSCH, PAU",20,30,0.67,10,0.33,1/7,14.29,4/18,22.22,3,0.10,,
18/19,22,FCB,ES,"ALABART GONZALEZ, IGNACIO",19,29,0.66,11,0.38,,,0/3,0.00,1,0.03,,
18/19,23,VEN,ES,"NECCHI GARCIA, EMANUEL",18,29,0.62,5,0.17,2/5,40.00,1/2,50.00,6,0.21,,
18/19,24,IGU,ES,"BALIU PIQUE, ANTONI",18,28,0.64,10,0.36,3/6,50.00,0/2,0.00,1,0.04,,
18/19,25,VOL,ES,"BALLART LUJAN, ADRIÀ",18,30,0.60,1,0.03,0/1,0.00,2/11,18.18,3,0.10,,
18/19,26,CAL,ES,"PUJOL QUINTANA, GERARD",18,30,0.60,3,0.10,,,9/26,34.62,3,0.10,,
18/19,27,FCB,ES,"BARGALLÓ  POCH , PAU",17,30,0.57,20,0.67,,,5/11,45.45,3,0.10,,
18/19,28,LLO,ES,"PLAZA BALAGUE, DAVID",17,28,0.61,7,0.25,1/1,100.00,0/1,0.00,5,0.18,,
18/19,29,LLO,FR,"LE BERRE, ANTOINE",17,30,0.57,3,0.10,1/4,25.00,4/16,25.00,1,0.03,,
18/19,30,LIC,ES,"LAMAS ALSINA, EDUARDO",16,21,0.76,2,0.10,2/2,100.00,1/3,33.33,6,0.29,1,0.05
18/19,31,CES,ES,"GIMENEZ ADMIRABLE, ALVARO BORJA",16,29,0.55,3,0.10,,,2/7,28.57,5,0.17,,
18/19,32,CUG,ES,"FARNÉS BARRIS, JOAN",16,29,0.55,3,0.10,,,0/1,0.00,3,0.10,,
18/19,33,LLE,FR,"DI BENEDETTO, BRUNO",16,28,0.57,2,0.07,,,0/1,0.00,3,0.11,,
18/19,34,LIC,ES,"COY GRAU, MARC",16,25,0.64,2,0.08,2/2,100.00,,,4,0.16,,
18/19,35,REU,ES,"RODRÍGUEZ MARIMÓN, CRISTIAN",16,29,0.55,3,0.10,0/1,0.00,,,2,0.07,,
18/19,36,FCB,ES,"GUAL ROSELL, MARC",15,30,0.50,19,0.63,1/3,33.33,0/1,0.00,,,,
18/19,37,NOI,ES,"ESTELLER PLA, ALEIX",14,30,0.47,3,0.10,,,,,3,0.10,,
18/19,38,GIR,ES,"TORNER GALINDO, ENRIC",14,30,0.47,5,0.17,0/2,0.00,1/5,20.00,1,0.03,,
18/19,39,FCB,AR,"PASCUAL, MATÍAS JOSÉ",14,28,0.50,6,0.21,,,,,1,0.04,,
18/19,40,CUG,ES,"YEPES RIVALLO, DAVID",14,29,0.48,7,0.24,0/4,0.00,0/2,0.00,5,0.17,,
18/19,41,CES,ES,"ROSA CAPELLA, FERRAN ",13,29,0.45,,,4/10,40.00,0/4,0.00,4,0.14,,
18/19,42,CES,ES,"ROVIRA GAYARRE, XAVIER",13,29,0.45,5,0.17,,,0/7,0.00,4,0.14,,
18/19,43,VOL,ES,"ARMENGOL SERRAT, JAVIER",13,29,0.45,4,0.14,3/12,25.00,,,4,0.14,,
18/19,44,ALC,ES,"FERNANDEZ AVILA CASTILLO, FRANCISCO",13,29,0.45,6,0.21,,,,,4,0.14,,
18/19,45,NOI,ES,"ARAGONES FERRERES , SERGI",13,28,0.46,5,0.18,,,,,1,0.04,,
18/19,46,GIR,ES,"GARCIA TORRES , ORIOL",13,29,0.45,1,0.03,,,0/1,0.00,1,0.03,,
18/19,47,ALC,ES,"ASPRA NICIEZA, PELAYO",13,30,0.43,2,0.07,,,0/13,0.00,3,0.10,,
18/19,48,NOI,ES,"GRAU TALLADA, MARC",12,29,0.41,3,0.10,,,1/6,16.67,5,0.17,,
18/19,49,LLE,ES,"TOMÀS TOHÀ, ANDREU",12,28,0.43,3,0.11,1/7,14.29,0/1,0.00,4,0.14,1,0.04
18/19,50,CAL,ES,"VÁZQUEZ  MARCHAN, JOAN",12,26,0.46,2,0.08,2/3,66.67,0/4,0.00,3,0.12,,
18/19,51,CAL,ES,"ROMEU COSTA, SERGI",12,26,0.46,1,0.04,1/3,33.33,,,3,0.12,,
18/19,52,VOL,ES,"CRESPO OLIVA, XAVIER",12,29,0.41,1,0.03,0/2,0.00,,,3,0.10,1,0.03
18/19,53,IGU,ES,"VIVES CLOS, ORIOL",11,30,0.37,2,0.07,0/1,0.00,0/1,0.00,1,0.03,,
18/19,54,LLO,ES,"AGUIRRE VELA, MOISES",11,28,0.39,3,0.11,,,,,5,0.18,1,0.04
18/19,55,CES,ES,"GALBAS PEDROL, POL",11,30,0.37,4,0.13,,,0/5,0.00,3,0.10,,
18/19,56,CAL,ES,"TORNÉ PIÑOL, SERGI",11,29,0.38,,,1/1,100.00,0/2,0.00,6,0.21,,
18/19,57,CUG,ES,"GABARRA RODRÍGUEZ, JORDI",11,29,0.38,2,0.07,,,,,5,0.17,,
18/19,58,VIC,ES,"MANGAS COLL, ANIOL",10,28,0.36,2,0.07,,,,,2,0.07,,
18/19,59,VOL,ES,"VARGAS NAVAS, ERIC",10,28,0.36,4,0.14,,,0/1,0.00,1,0.04,1,0.04
18/19,60,LLE,ES,"CANDANEDO LEAL, CESAR",10,29,0.34,1,0.03,2/5,40.00,,,4,0.14,,
18/19,61,FCB,ES,"PANADERO ARBAT, SERGI",10,19,0.53,6,0.32,0/1,0.00,,,,,,
18/19,62,GIR,ES,"PALAU MIR, MARC",10,30,0.33,2,0.07,1/4,25.00,,,,,,
18/19,63,VOL,ES,"MANRUBIA PERO, POL",10,29,0.34,1,0.03,,,0/2,0.00,1,0.03,,
18/19,64,NOI,AO,"DA  SILVA MENDES, HUMBERTO",9,28,0.32,6,0.21,,,1/5,20.00,4,0.14,,
18/19,65,VIC,ES,"GALAN  BRUGAROLA, JORDI",9,28,0.32,1,0.04,1/1,100.00,,,8,0.29,,
18/19,66,LLO,ES,"GRAU TALLADA, ALEX",9,23,0.39,4,0.17,,,,,8,0.35,,
18/19,67,CAL,ES,"RODRIGUEZ ROJAS, ANGEL",9,30,0.30,1,0.03,,,,,4,0.13,,
18/19,68,IGU,ES,"VIVES BOERSMA, CESAR",9,30,0.30,3,0.10,0/3,0.00,,,3,0.10,,
18/19,69,LLO,ES,"GRAU TALLADA, LLUIS",9,29,0.31,2,0.07,,,,,4,0.14,,
18/19,70,CES,ES,"ACSENSI VALIENTE, ROGER",9,29,0.31,5,0.17,,,,,4,0.14,,
18/19,71,LLE,ES,"CAÑELLAS MARTIN, JOAN",8,29,0.28,,,,,,,3,0.10,,
18/19,72,LIC,ES,"LAMAS ALSINA, JOSEP",8,26,0.31,3,0.12,,,0/1,0.00,1,0.04,1,0.04
18/19,73,FCB,ES,"ROCA SUBIRANA, NIL",8,30,0.27,3,0.10,,,,,2,0.07,,
18/19,74,VIC,ES,"OLLER SANS, JASSEL",8,29,0.28,5,0.17,1/4,25.00,0/1,0.00,1,0.03,,
18/19,75,REU,ES,"CARBALLEIRA DOMÍNGUEZ , CÉSAR",8,25,0.32,7,0.28,2/3,66.67,,,3,0.12,,
18/19,76,CAL,ES,"MARTI ARAGONES, ROGER",8,30,0.27,1,0.03,2/5,40.00,1/3,33.33,1,0.03,,
18/19,77,ALM,PT,"CORDEIRO CASTANHEIRA, RENATO",8,30,0.27,,,0/1,0.00,1/8,12.50,3,0.10,,
18/19,78,VEN,ES,"NAJERA BAILON, PABLO MIGUEL",8,30,0.27,6,0.20,,,1/8,12.50,2,0.07,,
18/19,79,CUG,ES,"MAIDEU CAPDEVILA, FRANCESC",8,30,0.27,2,0.07,0/1,0.00,4/8,50.00,2,0.07,,
18/19,80,NOI,ES,"FERNÁNDEZ  BRUNET, EDUARD",7,28,0.25,2,0.07,0/1,0.00,2/9,22.22,1,0.04,,
18/19,81,GIR,ES,"PALAZON MANCHA, MARC",7,29,0.24,3,0.10,0/2,0.00,,,4,0.14,,
18/19,82,ALM,PT,"GUIMARAES, JOAO RANALHO",7,30,0.23,1,0.03,,,1/4,25.00,3,0.10,,
18/19,83,CUG,ES,"FERRER FONT, BORJA",7,28,0.25,1,0.04,,,,,,,1,0.04
18/19,84,VOL,ES,"GALLIFA ANFRUNS, POL",7,29,0.24,,,4/7,57.14,0/2,0.00,4,0.14,,
18/19,85,IGU,ES,"MOLAS TERRADELLAS, JAUME",6,30,0.20,,,1/1,100.00,1/2,50.00,1,0.03,,
18/19,86,ALM,ES,"MATAIX BOURNE, DESIDERIO JAIME",6,29,0.21,,,2/4,50.00,,,,,,
18/19,87,CES,ES,"BLANQUE CLARAMONTE, MARCOS",6,30,0.20,2,0.07,0/1,0.00,3/6,50.00,1,0.03,,
18/19,88,ALC,ES,"ARTACHO MENDIOROZ, ÍÑIGO",6,30,0.20,2,0.07,,,,,2,0.07,,
18/19,89,CES,ES,"RICART BENAVENT, LLUIS",6,29,0.21,1,0.03,,,,,,,,
18/19,90,LLE,ES,"CREUS CROS, JORDI",6,26,0.23,3,0.12,0/1,0.00,0/4,0.00,3,0.12,,
18/19,91,GIR,ES,"GARCIA ROMAGUERA, MANEL",6,19,0.32,1,0.05,0/1,0.00,0/1,0.00,2,0.11,,
18/19,92,VEN,ES,"MIQUEL SOLÉ, GERARD",6,30,0.20,4,0.13,0/4,0.00,1/3,33.33,1,0.03,,
18/19,93,ALM,ES,"PEREZ SOLER, CARLOS",6,29,0.21,2,0.07,2/3,66.67,,,3,0.10,,
18/19,94,VOL,ES,"ORDEIG MALAGÓN, JOSEP MARIA",5,21,0.24,,,,,0/1,0.00,,,,
18/19,95,CAL,ES,"PALAU PASCUAL, ORIOL",5,29,0.17,1,0.03,,,0/1,0.00,,,,
18/19,96,ALM,AR,"DOMINGUEZ, AGUSTIN GABRIEL",5,28,0.18,2,0.07,1/3,33.33,0/1,0.00,2,0.07,,
18/19,97,VOL,ES,"MOLAS SERRA , ALEIX",4,28,0.14,,,,,0/5,0.00,6,0.21,,
18/19,98,LLO,ES,"FARRE CASTELLS, ADRIA",4,29,0.14,1,0.03,0/1,0.00,0/1,0.00,4,0.14,,
18/19,99,LLO,ES,"GELMA PAZ, JOAN",4,29,0.14,,,,,3/11,27.27,1,0.03,,
18/19,100,GIR,ES,"GOMEZ COTANO, MARC",4,29,0.14,1,0.03,,,,,3,0.10,,
18/19,101,IGU,ES,"BARS CATALÀ, ROGER",4,30,0.13,1,0.03,,,,,2,0.07,,
18/19,102,ALC,ES,"LOPEZ GARCIA, MIGUEL",4,30,0.13,,,,,,,1,0.03,,
18/19,103,VIC,ES,"SÁNCHEZ SÁLES, CARLES",4,29,0.14,,,,,0/2,0.00,1,0.03,,
18/19,104,ALC,ES,"ROCA BOUZA, ALEJANDRO",4,30,0.13,3,0.10,,,,,1,0.03,,
18/19,105,CES,ES,"ACSENSI VALIENTE, ALEXANDRE",4,30,0.13,2,0.07,,,,,2,0.07,,
18/19,106,VEN,PT,"PELLIZZARI OLIVA, GUIDO ELIAN",4,30,0.13,1,0.03,0/2,0.00,,,3,0.10,,
18/19,107,REU,ES,"BANCELLS CHAVALES, ROMÀ",3,24,0.13,3,0.13,,,,,2,0.08,,
18/19,108,LIC,IT,"CIOCALE, FABRICIO MARTIN",3,13,0.23,1,0.08,,,,,,,,
18/19,109,ALC,ES,"LOPEZ GALA, JORGE",3,25,0.12,3,0.12,,,2/3,66.67,2,0.08,,
18/19,110,LIC,ES,"PAYERO LÓPEZ, MARTÍN ERNESTO",3,12,0.25,1,0.08,,,,,1,0.08,,
18/19,111,ALM,ES,"CAÑELLAS ASTUDILLO, PERE",3,8,0.38,,,,,,,1,0.13,1,0.13
18/19,112,VEN,ES,"CID SEGURA, ALEIX",3,12,0.25,,,,,,,,,,
18/19,113,LLO,ES,"NOGUERO OSORIO, JOEL",3,10,0.30,,,2/4,50.00,0/2,0.00,,,,
18/19,114,VIC,ES,"URBANO ICART, JORDI",3,27,0.11,1,0.04,,,0/3,0.00,1,0.04,,
18/19,115,REU,ES,"MIGUEL RAFAEL, TIAGO",3,30,0.10,2,0.07,,,,,1,0.03,,
18/19,116,CUG,ES,"MARTINEZ PIÑERO, DAVID",2,30,0.07,1,0.03,0/1,0.00,,,,,,
18/19,117,ALM,IT,"ROMANO, SIMONE",2,30,0.07,,,,,0/1,0.00,,,,
18/19,118,CUG,ES,"CLARAMUNT LORENZO, POL",2,16,0.13,3,0.19,,,,,1,0.06,,
18/19,119,IGU,ES,"YESTE BIOSCA , BERNAT",2,14,0.14,,,,,,,,,,
18/19,120,IGU,ES,"RIBA OVEJERO, GERARD",1,4,0.25,,,,,,,,,,
18/19,121,GIR,ES,"DURAN GONZÁLEZ, JONATHAN",1,12,0.08,,,,,,,1,0.08,,
18/19,122,ALM,ES,"GRAU VILA, MARC",1,30,0.03,,,,,,,,,,
18/19,123,LIC,IT,"BRIDGE PERGOLIS, FACUNDO",1,27,0.04,2,0.07,0/1,0.00,,,,,,
18/19,124,REU,ES,"ESCALA LOPEZ, JOAN SALVADOR",1,24,0.04,,,,,,,,,,
18/19,125,FCB,ES,"JOSEPH DE RUEDA, ALEX",1,10,0.10,,,,,,,,,,
18/19,126,VEN,ES,"MUDARRA BARROS, JOAN LLUIS",1,29,0.03,,,,,,,,,,
18/19,127,IGU,ES,"BUSQUETS RODRIGUEZ, MARTÍ",1,6,0.17,,,,,,,,,,
18/19,128,CAL,ES,"FERRER GATELL, DANIEL",1,18,0.06,,,,,,,1,0.06,,
18/19,129,LLO,ES,"PATAU RODRIGUEZ, JAVIER",1,5,0.20,,,,,1/2,50.00,,,,
18/19,130,VIC,ES,"TERNS TORRENS, XAVIER",1,29,0.03,,,,,,,,,,
17/18,1,REU,ES,"MARIN MARTIN, RAUL",58,30,1.93,8,0.27,2/5,40.00,19/39,48.72,4,0.13,,
17/18,2,FCB,ES,"ALVAREZ VERA, PABLO  FEDERICO",45,29,1.55,3,0.10,,,7/12,58.33,1,0.03,,
17/18,3,LIC,FR,"DI BENEDETTO, CARLO",28,30,0.93,3,0.10,,,4/9,44.44,1,0.03,,
17/18,4,LLE,ES,"GIMENEZ FERNANDEZ, DARIO JAVIER",27,27,1.00,12,0.44,3/8,37.50,8/24,33.33,2,0.07,,
17/18,5,ALCY,AR,"ORUSTE, MAXIMILIANO",27,29,0.93,1,0.03,,,5/18,27.78,6,0.21,,
17/18,6,VEN,ES,"FERRER MIRO, JORDI",26,30,0.87,3,0.10,0/1,0.00,5/19,26.32,1,0.03,,
17/18,7,GIR,ES,"PELICANO PLAZA, RAUL",26,28,0.93,3,0.11,0/2,0.00,3/10,30.00,1,0.04,,
17/18,8,REU,ES,"TORRA SAYO, MARC",26,30,0.87,21,0.70,0/1,0.00,1/5,20.00,1,0.03,,
17/18,9,IGU,ES,"PLA PALAU, SERGI",26,30,0.87,2,0.07,2/3,66.67,7/14,50.00,,,,
17/18,10,LIC,ES,"TORRES PASTORIZA, DAVID",26,30,0.87,2,0.07,,,2/3,66.67,2,0.07,,
17/18,11,GIR,ES,"GELMÀ PAZ, DAVID",24,30,0.80,6,0.20,5/9,55.56,0/1,0.00,5,0.17,,
17/18,12,VOL,ES,"ARMENGOL SERRAT, JAVIER",23,30,0.77,12,0.40,6/7,85.71,0/4,0.00,3,0.10,,
17/18,13,NOI,ES,"CASAS LOZANO, MARTÍ",22,30,0.73,3,0.10,0/1,0.00,10/33,30.30,2,0.07,,
17/18,14,NOI,ES,"LLORCA FENES, SERGI",22,30,0.73,3,0.10,4/9,44.44,0/2,0.00,2,0.07,,
17/18,15,LLE,FR,"DI BENEDETTO, ROBERTO",22,25,0.88,4,0.16,2/3,66.67,1/3,33.33,1,0.04,,
17/18,16,LLO,ES,"GRAU TALLADA, MARC",22,29,0.76,6,0.21,0/1,0.00,4/10,40.00,7,0.24,,
17/18,17,LLE,ES,"TOMÀS TOHÀ, ANDREU",22,29,0.76,5,0.17,4/10,40.00,0/2,0.00,2,0.07,,
17/18,18,ALCY,IT,"MATIAS BAIELI, FELIPE SEBASTIAN",21,30,0.70,3,0.10,6/13,46.15,1/4,25.00,2,0.07,,
17/18,19,FCB,AR,"ORDÓÑEZ VILLAVICENCIO, LUCAS",20,30,0.67,2,0.07,0/3,0.00,1/5,20.00,1,0.03,,
17/18,20,LIC,ES,"LAMAS ALSINA, JOSEP",20,30,0.67,3,0.10,,,0/6,0.00,2,0.07,,
17/18,21,VOL,ES,"TEIXIDO ABAT, GERARD",20,30,0.67,4,0.13,2/8,25.00,4/16,25.00,1,0.03,,
17/18,22,CLD,ES,"ROSA CAPELLA, FERRAN ",19,27,0.70,1,0.04,6/7,85.71,2/9,22.22,3,0.11,,
17/18,23,VOL,ES,"VARGAS NAVAS, ERIC",19,30,0.63,6,0.20,,,1/3,33.33,4,0.13,,
17/18,24,LLE,ES,"CREUS CROS, JORDI",19,29,0.66,2,0.07,,,2/5,40.00,6,0.21,,
17/18,25,LLO,ES,"PLAZA BALAGUE, DAVID",18,30,0.60,5,0.17,2/5,40.00,,,3,0.10,,
17/18,26,VIC,ES,"ORDEIG MALAGÓN, JOSEP MARIA",18,30,0.60,6,0.20,2/2,100.00,0/1,0.00,1,0.03,,
17/18,27,VEN,ES,"RODRÍGUEZ MARIMÓN, CRISTIAN",18,27,0.67,2,0.07,5/10,50.00,2/3,66.67,3,0.11,,
17/18,28,VIC,ES,"LOPEZ CASTILLA, FCO.BORJA",18,30,0.60,3,0.10,3/3,100.00,5/8,62.50,2,0.07,,
17/18,29,LLE,ES,"CANDANEDO LEAL, CESAR",18,30,0.60,4,0.13,,,2/2,100.00,5,0.17,,
17/18,30,PAL,ES,"PUJOL QUINTANA, GERARD",18,30,0.60,4,0.13,0/2,0.00,8/25,32.00,2,0.07,,
17/18,31,LIC,ES,"MIRAS VALERO, SERGIO",18,29,0.62,7,0.24,4/10,40.00,,,6,0.21,,
17/18,32,LIC,ES,"COY GRAU, MARC",18,30,0.60,4,0.13,1/4,25.00,0/1,0.00,1,0.03,,
17/18,33,FCB,ES,"BARGALLÓ  POCH , PAU",17,28,0.61,12,0.43,,,2/5,40.00,1,0.04,,
17/18,34,FCB,ES,"GUAL ROSELL, MARC",17,30,0.57,9,0.30,,,1/1,100.00,5,0.17,,
17/18,35,VEN,ES,"FERNÁNDEZ  BRUNET, EDUARD",17,30,0.57,4,0.13,1/2,50.00,1/4,25.00,3,0.10,,
17/18,36,NOI,ES,"ROCA SUBIRANA, NIL",17,30,0.57,4,0.13,,,,,3,0.10,,
17/18,37,CLD,ES,"GALBAS PEDROL, POL",17,30,0.57,4,0.13,,,4/12,33.33,3,0.10,,
17/18,38,REU,ES,"RODRIGUEZ DALMAU, ALEX",17,26,0.65,1,0.04,1/1,100.00,1/3,33.33,4,0.15,,
17/18,39,AST,ES,"ASPRA NICIEZA, PELAYO",17,29,0.59,1,0.03,,,5/15,33.33,3,0.10,,
17/18,40,REU,ES,"SALVAT CARBÓ, JOAN",16,30,0.53,1,0.03,,,,,2,0.07,,
17/18,41,REU,ES,"CASANOVAS VAZQUEZ, ALBERT",15,30,0.50,3,0.10,9/13,69.23,,,2,0.07,,
17/18,42,PAL,ES,"RIBOT BRUGUERA, GUILLEM",15,30,0.50,2,0.07,5/8,62.50,0/1,0.00,1,0.03,,
17/18,43,REU,ES,"BANCELLS CHAVALES, ROMÀ",15,29,0.52,4,0.14,0/1,0.00,0/1,0.00,,,,
17/18,44,FCB,ES,"PANADERO ARBAT, SERGI",15,28,0.54,8,0.29,5/7,71.43,,,1,0.04,,
17/18,45,NOI,AO,"MENDES, HUMBERTO DA SILVA",14,29,0.48,1,0.03,0/2,0.00,2/9,22.22,2,0.07,,
17/18,46,CLD,ES,"ROVIRA GAYARRE, XAVIER",14,30,0.47,7,0.23,0/1,0.00,2/10,20.00,2,0.07,,
17/18,47,IGU,ES,"MENDEZ ORTIZ, JORDI",13,30,0.43,2,0.07,,,0/2,0.00,2,0.07,,
17/18,48,AREN,ES,"ROCA LAZARO, MARC",13,28,0.46,,,1/6,16.67,,,1,0.04,,
17/18,49,LLO,ES,"GRAU TALLADA, ALEX",13,30,0.43,4,0.13,0/1,0.00,,,4,0.13,,
17/18,50,IGU,ES,"VIVES CLOS, ORIOL",13,30,0.43,5,0.17,0/2,0.00,2/7,28.57,2,0.07,,
17/18,51,FCB,ES,"BARROSO MAYORDOMO, XAVIER",13,26,0.50,1,0.04,1/3,33.33,,,,,,
17/18,52,FCB,ES,"ALABART GONZALEZ, IGNACIO",12,30,0.40,2,0.07,,,,,,,,
17/18,53,IGU,ES,"VIVES BOERSMA, CESAR",12,29,0.41,2,0.07,3/6,50.00,1/3,33.33,2,0.07,,
17/18,54,LIC,ES,"LAMAS ALSINA, EDUARDO",12,23,0.52,4,0.17,1/3,33.33,1/10,10.00,4,0.17,,
17/18,55,GIR,ES,"GARCIA TORRES , ORIOL",12,29,0.41,4,0.14,,,0/1,0.00,,,,
17/18,56,VOL,ES,"CRESPO OLIVA, XAVIER",12,30,0.40,,,1/1,100.00,0/1,0.00,2,0.07,,
17/18,57,AST,CL,"CARMONA VILLANUEVA, NICOLAS ALEJANDRO",12,30,0.40,1,0.03,,,0/1,0.00,1,0.03,,
17/18,58,AST,ES,"GONZALEZ AMBRES, PEDRO",12,26,0.46,2,0.08,2/5,40.00,,,1,0.04,,
17/18,59,ALCY,ES,"CAÑELLAS ASTUDILLO, PERE",11,26,0.42,4,0.15,,,,,4,0.15,1,0.04
17/18,60,NOI,ES,"ARAGONES FERRERES , SERGI",10,29,0.34,4,0.14,,,,,2,0.07,,
17/18,61,VIC,ES,"OLLER SANS, JASSEL",10,30,0.33,3,0.10,0/3,0.00,0/2,0.00,1,0.03,,
17/18,62,NOI,ES,"ESTELLER PLA, ALEIX",9,29,0.31,2,0.07,,,,,1,0.03,,
17/18,63,LIC,ES,"CARBALLEIRA DOMÍNGUEZ , CÉSAR",9,29,0.31,3,0.10,,,,,3,0.10,1,0.03
17/18,64,IGU,ES,"BARS CATALÀ, ROGER",9,30,0.30,12,0.40,0/1,0.00,0/1,0.00,,,,
17/18,65,AREN,ES,"ILLA BERENGUER, JORDI",9,29,0.31,4,0.14,2/6,33.33,1/5,20.00,1,0.03,,
17/18,66,AREN,ES,"DOMENECH MUÑOZ, ALEIX",9,27,0.33,2,0.07,,,0/1,0.00,,,,
17/18,67,ALCY,ES,"LLISA VIGATÀ, ROC",9,30,0.30,2,0.07,,,1/2,50.00,1,0.03,,
17/18,68,PAL,ES,"BRUGUÉ PUJOL, MARC",8,28,0.29,2,0.07,,,0/2,0.00,3,0.11,,
17/18,69,VEN,ES,"ROCASALBAS  ARGEMÍ, ROGER",8,26,0.31,3,0.12,1/1,100.00,2/4,50.00,4,0.15,,
17/18,70,PAL,ES,"ALDRICH RODRIGUEZ, XAVIER",8,29,0.28,1,0.03,0/3,0.00,,,3,0.10,,
17/18,71,LLE,FR,"DI BENEDETTO, BRUNO",8,30,0.27,4,0.13,,,,,1,0.03,,
17/18,72,LLO,ES,"GRAU TALLADA, LLUIS",8,30,0.27,,,,,1/5,20.00,4,0.13,,
17/18,73,PAL,ES,"RUIZ CARMONA, RUBÉN",8,30,0.27,1,0.03,,,,,4,0.13,,
17/18,74,FCB,AR,"PASCUAL, MATÍAS JOSÉ",8,27,0.30,4,0.15,,,,,2,0.07,,
17/18,75,VEN,ES,"MITJANS COLS, ELOI",8,26,0.31,6,0.23,1/6,16.67,,,2,0.08,,
17/18,76,VIC,ES,"GRAU SALA, ALBERT",8,30,0.27,6,0.20,2/2,100.00,,,3,0.10,,
17/18,77,NOI,ES,"XAUS MOLINARI, ARNAU",8,30,0.27,3,0.10,,,,,,,,
17/18,78,GIR,ES,"PALAU MIR, MARC",8,30,0.27,2,0.07,1/3,33.33,,,1,0.03,,
17/18,79,IGU,ES,"MOLAS TERRADELLAS, JAUME",8,29,0.28,3,0.10,,,0/3,0.00,2,0.07,,
17/18,80,CLD,ES,"ACSENSI VALIENTE, ROGER",7,30,0.23,2,0.07,2/4,50.00,,,1,0.03,,
17/18,81,ALCY,AR,"ARNAEZ LICCIARDI, MATHIAS EZEQUIEL",7,30,0.23,2,0.07,1/2,50.00,,,2,0.07,,
17/18,82,AST,ES,"LOPEZ FANDOS, ALEJANDRO",7,29,0.24,,,,,,,1,0.03,,
17/18,83,VIC,ES,"GOMEZ GILBERTE, TIRSO",7,23,0.30,1,0.04,0/1,0.00,1/2,50.00,4,0.17,,
17/18,84,AREN,ES,"CUSACHS BRUGAROLA, GERARD",7,26,0.27,1,0.04,,,0/3,0.00,,,,
17/18,85,CLD,ES,"ACSENSI VALIENTE, ALEXANDRE",7,30,0.23,1,0.03,,,,,2,0.07,,
17/18,86,PAL,ES,"VIVES CLOS, POL",6,24,0.25,3,0.13,,,,,2,0.08,,
17/18,87,GIR,ES,"GARCIA ROMAGUERA, MANEL",6,28,0.21,2,0.07,,,,,4,0.14,,
17/18,88,GIR,ES,"PALAZON MANCHA, MARC",6,30,0.20,4,0.13,,,,,4,0.13,,
17/18,89,GIR,ES,"RAMON CONTRERAS, BORJA",6,30,0.20,1,0.03,0/1,0.00,,,,,,
17/18,90,AREN,ES,"GURRI PUNSOLA, XAVIER",6,28,0.21,,,,,,,,,,
17/18,91,CLD,ES,"MOLERA SURIÑACH, JACINT",6,30,0.20,1,0.03,,,,,1,0.03,,
17/18,92,VIC,ES,"URBANO ICART, JORDI",5,30,0.17,2,0.07,,,1/5,20.00,3,0.10,,
17/18,93,LLE,ES,"CAÑELLAS MARTIN, JOAN",5,29,0.17,2,0.07,,,,,4,0.14,,
17/18,94,AREN,ES,"GALAN  BRUGAROLA, JORDI",5,28,0.18,5,0.18,0/3,0.00,,,5,0.18,,
17/18,95,AST,ES,"FERNANDEZ AVILA CASTILLO, FRANCISCO",5,29,0.17,2,0.07,,,,,3,0.10,,
17/18,96,ALCY,ES,"ROCA POSITO, FRANCISCO DANIEL",5,30,0.17,,,,,0/3,0.00,2,0.07,,
17/18,97,AST,ES,"BERNARDO GARCIA, BORJA",4,11,0.36,1,0.09,,,0/1,0.00,1,0.09,,
17/18,98,VOL,ES,"MOLAS SERRA , ALEIX",4,30,0.13,1,0.03,,,,,4,0.13,,
17/18,99,AST,ES,"GONZÁLEZ AMEIGÍDEZ, JAVIER",4,26,0.15,1,0.04,3/6,50.00,,,2,0.08,,
17/18,100,LLO,ES,"FERNÁNDEZ  SÁNCHEZ, RUBEN",4,30,0.13,1,0.03,0/1,0.00,0/1,0.00,,,,
17/18,101,LLO,ES,"GALLARDO PLANAS, GERARD",4,30,0.13,1,0.03,1/2,50.00,,,3,0.10,,
17/18,102,CLD,ES,"BLANQUE CLARAMONTE, MARCOS",4,30,0.13,5,0.17,,,1/4,25.00,,,,
17/18,103,VOL,ES,"LOPEZ GARCIA, IGNASI",4,30,0.13,3,0.10,,,,,1,0.03,,
17/18,104,IGU,ES,"MIQUEL SOLÉ, GERARD",4,29,0.14,2,0.07,,,,,1,0.03,,
17/18,105,PAL,ES,"CARLES DOMENECH, DAVID",4,30,0.13,1,0.03,1/5,20.00,,,,,,
17/18,106,AREN,ES,"AGUILAR TOMÁS, KILIAN",3,7,0.43,,,,,2/4,50.00,,,,
17/18,107,AREN,ES,"PEREZ ITURRALDE, JORDI",3,28,0.11,,,,,,,,,,
17/18,108,NOI,ES,"DEL AMOR FABRES, JORDI",3,30,0.10,3,0.10,,,,,3,0.10,,
17/18,109,LIC,ES,"PAYERO LÓPEZ, MARTÍN ERNESTO",2,11,0.18,,,,,0/1,0.00,,,,
17/18,110,VOL,ES,"GALLIFA ANFRUNS, POL",2,30,0.07,,,,,0/3,0.00,2,0.07,,
17/18,111,PAL,ES,"DURAN GONZÁLEZ, JONATHAN",2,14,0.14,,,0/1,0.00,,,1,0.07,,
17/18,112,VIC,ES,"MANRUBIA PERO, POL",2,27,0.07,3,0.11,0/1,0.00,0/2,0.00,,,,
17/18,113,VEN,ES,"CASADO VILANOVA, IKER",2,30,0.07,,,,,,,,,,
17/18,114,AST,ES,"GONZALEZ FERNANDEZ, DAVID",2,21,0.10,,,,,,,1,0.05,,
17/18,115,VEN,ES,"NAVARRO  BARRACHINA, MARC",2,30,0.07,5,0.17,,,,,,,,
17/18,116,GIR,ES,"GELMA PAZ, JOAN",1,30,0.03,,,,,0/1,0.00,,,,
17/18,117,ALCY,ES,"CANTO SANCHO , CARLOS DANIEL",1,30,0.03,,,,,,,,,,
17/18,118,AREN,ES,"DAUMAL SAURI, ENRIC",1,20,0.05,2,0.10,0/1,0.00,0/2,0.00,2,0.10,,
17/18,119,LLE,ES,"LOPEZ GARCIA, MIGUEL",1,6,0.17,,,,,,,,,,
17/18,120,REU,ES,"ESCALA LOPEZ, JOAN SALVADOR",1,26,0.04,,,0/1,0.00,,,,,,
17/18,121,AREN,ES,"PEREZ FERRERES, GERARD",1,1,1.00,,,,,,,,,,
17/18,122,VEN,ES,"MUDARRA BARROS, JOAN LLUIS",1,29,0.03,,,,,,,1,0.03,,
17/18,123,AST,ES,"LOPEZ ALVAREZ, CARLOS",1,26,0.04,2,0.08,,,,,,,,
16/17,1,REU,ES,"MARIN MARTIN, RAUL",38,30,1.27,6,0.20,0/3,0.00,9/31,29.03,5,0.17,,
16/17,2,FCB,ES,"ALVAREZ VERA, PABLO  FEDERICO",36,28,1.29,6,0.21,0/1,0.00,6/19,31.58,1,0.04,,
16/17,3,ALCY,ES,"FORMATJE CUYAS, FERRAN",31,30,1.03,4,0.13,,,10/26,38.46,,,,
16/17,4,GIR,ES,"PELICANO PLAZA, RAUL",29,30,0.97,5,0.17,5/12,41.67,6/22,27.27,3,0.10,,
16/17,5,ALCB,ES,"PEREZ GONZALEZ, GONZALO",27,30,0.90,3,0.10,8/14,57.14,4/18,22.22,4,0.13,,
16/17,6,IGU,PT,"GARCIA SOLAR, PAULO EMANUEL",27,30,0.90,7,0.23,2/4,50.00,7/19,36.84,4,0.13,,
16/17,7,CLD,ES,"ROVIRA GAYARRE, XAVIER",26,30,0.87,2,0.07,1/1,100.00,9/32,28.13,,,,
16/17,8,VOL,ES,"ALABART GONZALEZ, IGNACIO",26,30,0.87,5,0.17,,,6/17,35.29,,,,
16/17,9,LLO,ES,"GRAU TALLADA, MARC",25,29,0.86,3,0.10,3/5,60.00,2/11,18.18,6,0.21,,
16/17,10,LLE,ES,"GIMENEZ FERNANDEZ, DARIO JAVIER",25,30,0.83,8,0.27,2/2,100.00,11/22,50.00,4,0.13,,
16/17,11,VIC,ES,"RODRÍGUEZ MARIMÓN, CRISTIAN",25,30,0.83,2,0.07,5/11,45.45,0/2,0.00,1,0.03,,
16/17,12,REU,ES,"TORRA SAYO, MARC",25,30,0.83,3,0.10,2/6,33.33,1/6,16.67,2,0.07,,
16/17,13,VEN,ES,"MITJANS COLS, ELOI",24,30,0.80,5,0.17,7/15,46.67,0/2,0.00,,,,
16/17,14,LIC,ES,"COY GRAU, MARC",24,29,0.83,5,0.17,6/11,54.55,0/2,0.00,4,0.14,,
16/17,15,ALCY,ES,"GELMÀ PAZ, DAVID",23,30,0.77,1,0.03,6/11,54.55,0/2,0.00,5,0.17,,
16/17,16,VOL,ES,"TEIXIDO ABAT, GERARD",23,30,0.77,1,0.03,6/15,40.00,1/10,10.00,1,0.03,,
16/17,17,MAN,ES,"PRAT BLANCH, MARC",22,29,0.76,,,2/6,33.33,4/14,28.57,5,0.17,,
16/17,18,VIC,ES,"BURGAYA VILARÓ, JORDI",22,28,0.79,8,0.29,,,0/4,0.00,,,,
16/17,19,FCB,ES,"BARGALLÓ  POCH , PAU",22,29,0.76,8,0.28,2/3,66.67,5/9,55.56,3,0.10,,
16/17,20,FCB,AR,"ORDÓÑEZ VILLAVICENCIO, LUCAS",22,28,0.79,1,0.04,3/7,42.86,3/11,27.27,,,,
16/17,21,LLE,ES,"TOMÀS TOHÀ, ANDREU",22,30,0.73,4,0.13,4/8,50.00,0/1,0.00,3,0.10,,
16/17,22,VIC,ES,"BANCELLS CHAVALES, ROMÀ",21,30,0.70,13,0.43,1/5,20.00,4/15,26.67,,,,
16/17,23,LIC,ES,"PÉREZ GONZÁLEZ, ANTONIO",21,30,0.70,3,0.10,0/1,0.00,3/11,27.27,1,0.03,,
16/17,24,VEN,ES,"FERRER MIRO, JORDI",20,30,0.67,2,0.07,,,1/8,12.50,,,,
16/17,25,FCB,AR,"PASCUAL, MATÍAS JOSÉ",20,30,0.67,8,0.27,0/1,0.00,,,1,0.03,,
16/17,26,NOI,ES,"ESTELLER PLA, ALEIX",20,30,0.67,3,0.10,,,,,3,0.10,,
16/17,27,IGU,ES,"PLA PALAU, SERGI",20,30,0.67,7,0.23,,,4/9,44.44,,,,
16/17,28,LIC,ES,"LAMAS ALSINA, JOSEP",20,29,0.69,3,0.10,,,5/12,41.67,6,0.21,,
16/17,29,ALCY,ES,"CAÑELLAS ASTUDILLO, PERE",20,30,0.67,6,0.20,,,,,2,0.07,,
16/17,30,REU,ES,"SALVAT CARBÓ, JOAN",19,30,0.63,3,0.10,,,0/1,0.00,1,0.03,,
16/17,31,VEN,ES,"CREUS CROS, JORDI",19,30,0.63,8,0.27,,,8/19,42.11,6,0.20,,
16/17,32,ALCB,ES,"CANDANEDO LEAL, CESAR",19,30,0.63,4,0.13,1/1,100.00,4/18,22.22,3,0.10,,
16/17,33,VIC,ES,"CASAS LOZANO, MARTÍ",18,30,0.60,5,0.17,1/1,100.00,4/10,40.00,3,0.10,,
16/17,34,REU,ES,"CASANOVAS VAZQUEZ, ALBERT",18,29,0.62,2,0.07,10/13,76.92,,,2,0.07,,
16/17,35,REU,ES,"RODRIGUEZ DALMAU, ALEX",18,30,0.60,5,0.17,1/2,50.00,0/4,0.00,3,0.10,,
16/17,36,CLD,ES,"ACSENSI VALIENTE, ROGER",18,30,0.60,4,0.13,6/9,66.67,0/1,0.00,3,0.10,,
16/17,37,LIC,FR,"DI BENEDETTO, CARLO",18,30,0.60,1,0.03,,,1/4,25.00,1,0.03,,
16/17,38,MAN,ES,"MANGAS COLL, ANIOL",17,30,0.57,2,0.07,,,4/18,22.22,3,0.10,,
16/17,39,REU,AR,"PLATERO, MATIAS JONATHAN",17,29,0.59,2,0.07,,,,,5,0.17,,
16/17,40,ALCB,ES,"LOPEZ GALA, MARCOS",17,29,0.59,2,0.07,2/6,33.33,0/1,0.00,8,0.28,,
16/17,41,VLF,ES,"PALAU MIR, MARC",16,30,0.53,3,0.10,1/8,12.50,1/5,20.00,1,0.03,,
16/17,42,IGU,ES,"VIVES BOERSMA, CESAR",16,30,0.53,2,0.07,2/6,33.33,3/3,100.00,3,0.10,,
16/17,43,LLO,ES,"PLAZA BALAGUE, DAVID",15,25,0.60,3,0.12,0/3,0.00,0/5,0.00,3,0.12,,
16/17,44,FCB,ES,"GUAL ROSELL, MARC",15,30,0.50,8,0.27,0/4,0.00,1/3,33.33,2,0.07,,
16/17,45,LIC,ES,"CARBALLEIRA DOMÍNGUEZ , CÉSAR",14,28,0.50,3,0.11,,,,,5,0.18,,
16/17,46,VOL,ES,"ARMENGOL SERRAT, JAVIER",14,30,0.47,2,0.07,2/7,28.57,1/1,100.00,1,0.03,,
16/17,47,VLF,ES,"VÁZQUEZ  MARCHAN, JOAN",14,30,0.47,4,0.13,0/2,0.00,0/2,0.00,1,0.03,,
16/17,48,NOI,AO,"MENDES, HUMBERTO DA SILVA",13,24,0.54,3,0.13,0/2,0.00,4/10,40.00,4,0.17,1,0.04
16/17,49,NOI,ES,"ROSA CAPELLA, FERRAN ",13,28,0.46,4,0.14,5/11,45.45,0/2,0.00,2,0.07,,
16/17,50,VEN,ES,"NAVARRO  BARRACHINA, MARC",13,27,0.48,2,0.07,,,0/1,0.00,1,0.04,,
16/17,51,IGU,ES,"MOLAS TERRADELLAS, JAUME",13,30,0.43,1,0.03,,,1/4,25.00,1,0.03,,
16/17,52,NOI,ES,"ALBESA ROS, ELOI",12,25,0.48,2,0.08,,,8/20,40.00,3,0.12,,
16/17,53,VIC,ES,"PRESAS FERNÁNDEZ, ROGER",12,30,0.40,5,0.17,,,0/1,0.00,,,,
16/17,54,LIC,ES,"TORRES PASTORIZA, DAVID",12,30,0.40,7,0.23,,,0/3,0.00,,,,
16/17,55,VIC,ES,"ORDEIG MALAGÓN, JOSEP MARIA",11,30,0.37,2,0.07,1/4,25.00,1/2,50.00,5,0.17,,
16/17,56,CLD,ES,"GALBAS PEDROL, POL",11,28,0.39,3,0.11,,,0/4,0.00,2,0.07,,
16/17,57,VIC,ES,"LLORCA FENES, SERGI",11,29,0.38,3,0.10,,,0/3,0.00,3,0.10,,
16/17,58,VLF,ES,"GALAN  BRUGAROLA, JORDI",11,28,0.39,5,0.18,4/5,80.00,,,8,0.29,1,0.04
16/17,59,LLE,ES,"LOPEZ CASTILLA, FCO.BORJA",11,30,0.37,5,0.17,3/4,75.00,,,2,0.07,,
16/17,60,FCB,ES,"LAMAS ALSINA, EDUARDO",10,30,0.33,3,0.10,,,,,2,0.07,,
16/17,61,VEN,ES,"FERNÁNDEZ  BRUNET, EDUARD",10,30,0.33,1,0.03,0/2,0.00,0/2,0.00,2,0.07,,
16/17,62,FCB,ES,"BARROSO MAYORDOMO, XAVIER",10,29,0.34,,,4/8,50.00,0/1,0.00,3,0.10,,
16/17,63,VEN,ES,"ROCASALBAS  ARGEMÍ, ROGER",10,30,0.33,4,0.13,1/1,100.00,4/14,28.57,4,0.13,,
16/17,64,NOI,ES,"ARAGONES FERRERES , SERGI",10,29,0.34,3,0.10,,,,,3,0.10,,
16/17,65,GIR,ES,"GOMEZ COTANO, MARC",9,29,0.31,3,0.10,0/1,0.00,,,2,0.07,,
16/17,66,ALCB,PT,"DA FONSECA NUNES, GONÇALO",9,14,0.64,,,0/1,0.00,0/4,0.00,1,0.07,,
16/17,67,MAN,ES,"BALLART LUJAN, ADRIÀ",9,30,0.30,2,0.07,0/1,0.00,4/11,36.36,3,0.10,,
16/17,68,ALCY,IT,"MATIAS BAIELI, FELIPE SEBASTIAN",9,29,0.31,3,0.10,0/1,0.00,,,8,0.28,,
16/17,69,VEN,ES,"GIL FRANCH, FRANCESC",9,30,0.30,1,0.03,,,,,3,0.10,,
16/17,70,LLE,ES,"RODERO AMOROS, LLUIS",9,27,0.33,2,0.07,,,2/5,40.00,,,,
16/17,71,VOL,ES,"CRESPO OLIVA, XAVIER",9,30,0.30,3,0.10,0/1,0.00,,,2,0.07,,
16/17,72,VLF,ES,"VÁZQUEZ COMPTE, MARC",8,30,0.27,,,,,2/12,16.67,1,0.03,,
16/17,73,GIR,ES,"GARCIA ROMAGUERA, MANEL",8,28,0.29,1,0.04,,,0/1,0.00,,,,
16/17,74,GIR,ES,"HERNANDEZ SAEZ, JOSEP",8,29,0.28,2,0.07,,,,,3,0.10,,
16/17,75,IGU,ES,"BARGALLO TORRES, FRANCESC",8,30,0.27,7,0.23,0/2,0.00,,,2,0.07,,
16/17,76,MAN,ES,"FARRÉS CABALLOL, JAUME",7,29,0.24,1,0.03,,,1/5,20.00,3,0.10,,
16/17,77,LLE,ES,"TRILLA RUIZ , CARLOS",7,30,0.23,1,0.03,1/3,33.33,,,1,0.03,,
16/17,78,NOI,ES,"ROCA SUBIRANA, NIL",7,28,0.25,4,0.14,,,,,2,0.07,,
16/17,79,GIR,ES,"RAMON CONTRERAS, BORJA",7,30,0.23,4,0.13,1/1,100.00,3/4,75.00,1,0.03,,
16/17,80,VLF,ES,"RODRIGUEZ ROJAS, ANGEL",7,23,0.30,2,0.09,0/1,0.00,0/1,0.00,2,0.09,,
16/17,81,VOL,ES,"RODRIGUEZ DALMAU, DANIEL",7,29,0.24,4,0.14,,,4/8,50.00,4,0.14,,
16/17,82,FCB,ES,"PANADERO ARBAT, SERGI",7,29,0.24,4,0.14,,,0/1,0.00,2,0.07,,
16/17,83,VOL,ES,"VARGAS NAVAS, ERIC",7,30,0.23,3,0.10,,,,,2,0.07,,
16/17,84,LLO,ES,"FARRE CASTELLS, ADRIA",6,30,0.20,2,0.07,,,0/1,0.00,,,,
16/17,85,NOI,ES,"XAUS MOLINARI, ARNAU",6,30,0.20,2,0.07,,,,,1,0.03,,
16/17,86,LLO,ES,"GRAU TALLADA, LLUIS",6,29,0.21,1,0.03,,,0/1,0.00,3,0.10,,
16/17,87,CLD,ES,"URBANO ICART, JORDI",6,30,0.20,2,0.07,,,1/3,33.33,,,,
16/17,88,LLE,ES,"LLISA VIGATÀ, ROC",6,30,0.20,1,0.03,,,,,,,,
16/17,89,IGU,ES,"BARS CATALÀ, ROGER",6,29,0.21,3,0.10,0/1,0.00,,,,,,
16/17,90,MAN,ES,"GRAU SALA, ALBERT",6,24,0.25,2,0.08,2/5,40.00,,,3,0.13,,
16/17,91,VLF,ES,"FERRER SANTACANA, LLUIS",6,30,0.20,1,0.03,0/1,0.00,0/1,0.00,2,0.07,,
16/17,92,ALCY,PT,"CORDERO CASTANHEIRA , TOMAS",5,30,0.17,3,0.10,,,1/3,33.33,1,0.03,,
16/17,93,ALCB,ES,"MARTINEZ PALOMO, ALVARO",5,15,0.33,4,0.27,0/1,0.00,1/3,33.33,,,,
16/17,94,LLE,ES,"CAÑELLAS MARTIN, JOAN",5,30,0.17,2,0.07,,,,,3,0.10,,
16/17,95,NOI,ES,"DEL AMOR FABRES, JORDI",5,29,0.17,1,0.03,,,,,7,0.24,,
16/17,96,LIC,PT,"FONSECA DE SERPA PINTO MAGALHAES, HENRIQUE",4,30,0.13,3,0.10,,,,,2,0.07,,
16/17,97,ALCB,ES,"MARTINEZ PALOMO, MARIO",4,28,0.14,1,0.04,,,,,4,0.14,,
16/17,98,CLD,ES,"ACSENSI VALIENTE, ALEXANDRE",4,30,0.13,4,0.13,,,,,,,,
16/17,99,LLO,ES,"GRAU TALLADA, ALEX",4,28,0.14,3,0.11,,,,,5,0.18,1,0.04
16/17,100,VLF,ES,"FERNÁNDEZ  SÁNCHEZ, RUBEN",4,25,0.16,,,,,0/2,0.00,3,0.12,,
16/17,101,LLO,ES,"SULE AMETLLER, XAVIER",4,28,0.14,1,0.04,2/6,33.33,1/9,11.11,1,0.04,,
16/17,102,LIC,ES,"GRASAS RODRÍGUEZ, JOAN MANUEL",4,25,0.16,1,0.04,1/2,50.00,,,1,0.04,,
16/17,103,MAN,ES,"MARTÍ COLOMO, DAVID",4,25,0.16,3,0.12,,,,,2,0.08,,
16/17,104,GIR,ES,"CARLES DOMENECH, DAVID",4,29,0.14,1,0.03,,,,,1,0.03,,
16/17,105,CLD,ES,"MOLERA SURIÑACH, JACINT",4,30,0.13,2,0.07,,,,,1,0.03,,
16/17,106,VLF,ES,"CUSACHS BRUGAROLA, GERARD",3,30,0.10,,,,,0/1,0.00,1,0.03,,
16/17,107,ALCB,FR,"DAVID, FLORENT",3,10,0.30,2,0.20,,,0/1,0.00,,,,
16/17,108,MAN,ES,"ANGUITA PADRÓS, JULI",3,22,0.14,,,1/3,33.33,0/1,0.00,4,0.18,,
16/17,109,ALCB,ES,"VILLANUEVA LEON, MARCOS",3,30,0.10,1,0.03,,,,,1,0.03,,
16/17,110,GIR,ES,"POVEDANO GUITART, MARC",3,13,0.23,,,1/1,100.00,0/1,0.00,1,0.08,,
16/17,111,ALCY,ES,"ROCA POSITO, FRANCISCO DANIEL",3,30,0.10,1,0.03,,,,,3,0.10,,
16/17,112,GIR,ES,"BOLCATO, ANDREA",2,20,0.10,,,,,,,2,0.10,,
16/17,113,ALCB,ES,"JURADO INDIAS, JAVIER",2,28,0.07,,,,,,,,,,
16/17,114,LIC,ES,"PAYERO LÓPEZ, MARTÍN ERNESTO",2,4,0.50,,,,,0/1,0.00,,,,
16/17,115,IGU,ES,"MENDEZ ORTIZ, JORDI",2,14,0.14,,,,,,,,,,
16/17,116,REU,ES,"TORNÉ PIÑOL, SERGI",1,29,0.03,,,,,,,1,0.03,,
16/17,117,IGU,ES,"LOPEZ RABALO, DANIEL",1,30,0.03,1,0.03,,,0/1,0.00,1,0.03,,
16/17,118,GIR,ES,"DANIEL BELLIDO, ALBERT",1,30,0.03,,,,,,,,,,
16/17,119,REU,ES,"OLLÉ MASQUEF, MARC",1,26,0.04,1,0.04,,,,,,,,
16/17,120,ALCY,ES,"MARTI GANDIA, VICENTE",1,25,0.04,,,,,,,,,,
16/17,121,ALCY,PT,"LOURENÇO, XAVIER JORGE",1,30,0.03,2,0.07,,,1/1,100.00,,,,
16/17,122,LLE,ES,"MATAIX BOURNE, DESIDERIO JAIME",1,30,0.03,1,0.03,,,,,,,,
16/17,123,CLD,ES,"PASTOR VILLANUEVA, ALEIX",1,29,0.03,,,0/1,0.00,,,,,,
